{
  "vertices": [
    [
      0.0,
      0.0,
      0.0
    ],
    [
      1.4579999446868896,
      0.0,
      0.0
    ],
    [
      2.0,
      1.5260000228881836,
      0.0
    ],
    [
      1.0,
      2.5260000228881836,
      0.0
    ],
    [
      1.4579999446868896,
      0.0,
      1.5260000228881836
    ],
    [
      3.0,
      1.5260000228881836,
      0.0
    ],
    [
      3.0,
      3.0,
      0.0
    ],
    [
      4.0,
      3.0,
      0.0
    ],
    [
      4.0,
      4.0,
      0.0
    ],
    [
      0.0,
      0.0,
      0.0
    ],
    [
      1.458,
      0.0,
      0.0
    ],
    [
      1.458,
      0.0,
      0.0
    ],
    [
      0.0,
      0.0,
      0.0
    ],
    [
      2.0,
      1.526,
      0.0
    ],
    [
      1.458,
      0.0,
      0.0
    ],
    [
      1.0,
      2.526,
      0.0
    ],
    [
      2.0,
      1.526,
      0.0
    ],
    [
      1.458,
      0.0,
      1.526
    ],
    [
      1.458,
      0.0,
      0.0
    ],
    [
      3.0,
      1.526,
      0.0
    ],
    [
      3.0,
      3.0,
      0.0
    ],
    [
      3.0,
      3.0,
      0.0
    ],
    [
      3.0,
      1.526,
      0.0
    ],
    [
      4.0,
      3.0,
      0.0
    ],
    [
      3.0,
      3.0,
      0.0
    ],
    [
      4.0,
      4.0,
      0.0
    ],
    [
      4.0,
      3.0,
      0.0
    ]
  ],
  "colors": [
    [
      0.0,
      0.0,
      1.0
    ],
    [
      0.2,
      0.2,
      0.2
    ],
    [
      0.2,
      0.2,
      0.2
    ],
    [
      1.0,
      0.0,
      0.0
    ],
    [
      0.2,
      0.2,
      0.2
    ],
    [
      0.0,
      0.0,
      1.0
    ],
    [
      0.2,
      0.2,
      0.2
    ],
    [
      0.2,
      0.2,
      0.2
    ],
    [
      1.0,
      0.0,
      0.0
    ],
    [
      0.1,
      0.1,
      0.6
    ],
    [
      0.1,
      0.1,
      0.6
    ],
    [
      0.1,
      0.1,
      0.6
    ],
    [
      0.1,
      0.1,
      0.6
    ],
    [
      0.2,
      0.2,
      0.2
    ],
    [
      0.2,
      0.2,
      0.2
    ],
    [
      0.6,
      0.1,
      0.1
    ],
    [
      0.6,
      0.1,
      0.1
    ],
    [
      0.2,
      0.2,
      0.2
    ],
    [
      0.2,
      0.2,
      0.2
    ],
    [
      0.1,
      0.1,
      0.6
    ],
    [
      0.1,
      0.1,
      0.6
    ],
    [
      0.1,
      0.1,
      0.6
    ],
    [
      0.1,
      0.1,
      0.6
    ],
    [
      0.2,
      0.2,
      0.2
    ],
    [
      0.2,
      0.2,
      0.2
    ],
    [
      0.6,
      0.1,
      0.1
    ],
    [
      0.6,
      0.1,
      0.1
    ]
  ],
  "elements": [
    "N",
    "C",
    "C",
    "O",
    "C",
    "N",
    "C",
    "C",
    "O",
    "BOND",
    "BOND",
    "BOND",
    "BOND",
    "BOND",
    "BOND",
    "BOND",
    "BOND",
    "BOND",
    "BOND",
    "BOND",
    "BOND",
    "BOND",
    "BOND",
    "BOND",
    "BOND",
    "BOND",
    "BOND"
  ],
  "metadata": {
    "source": "PicoGL Data",
    "atoms_count": 9,
    "bonds_count": 9
  }
}